Date,Fe,Pb,Al,Yr
2018-10-08,0.036,0.008,0,18
2018-10-20,0.032,0.013,0,18
2019-10-21,0.031,0.005,0,19
2018-09-29,0.089,0,0,18
2017-10-25,0.066,0,0,17
2019-11-26,0.523,0.019,0,19
2019-09-09,0.051,0.002,0,19
2016-10-24,0.04,0.013,0,16
2019-10-09,0.043,0.007,0,19
2019-09-30,0.021,0.007,0,19
2017-10-28,0.024,0.012,0,17
2017-11-24,0.106,0.02,0,17
2018-09-08,0.031,0.006,0,18
2017-10-13,0.03,0.007,0,17
2019-11-08,0.027,0,0,19
2018-10-11,0.042,0.003,0,18
2017-10-10,0.08,0.001,0,17
2017-11-03,0.142,0.002,0,17
2018-11-22,0.04,0.02,0,18
2018-10-14,0.051,0,0,18
2019-11-20,0.039,0.001,0,19
2019-11-17,0.02,0.006,0,19
2018-11-19,0.11,0.009,0,18
2016-10-27,0.047,0.005,0,16
2019-09-18,0.044,0.007,0,19
2019-09-15,0.045,0.003,0,19
2018-09-17,0.009,0.007,0,18
2016-09-06,0.056,0.007,0,16
2019-10-06,0.014,0,0,19
2018-10-26,0.068,0.011,0,18
2017-09-16,0.08,0.009,0,17
2018-09-14,0.027,0.008,0,18
2017-11-21,0.039,0.01,0,17
2016-10-06,0.054,0.001,0,16
2016-09-03,0.033,0.001,0,16
2016-11-02,0.13,0.002,0,16
2019-10-03,0.007,0,0,19
2018-11-10,0.022,0.004,0,18
2018-11-04,0.034,0.008,0,18
2017-09-07,0.052,0,0,17
2017-10-01,0.065,0.007,0,17
2015-09-06,0.0046,0,0,15
2013-11-24,0.0066,0,0,13
2014-11-01,0.0077,0,0,14
2013-10-13,0.0134,0,0,13
2014-11-07,0.0145,0,0,14
2014-10-23,0.0243,0,0,14
2011-09-06,0.0252,0,0,11
2012-09-18,0.0274,0,0,12
2012-11-08,0.0289,0,0,12
2012-10-21,0.0304,0,0,12
2011-10-12,0.0318,0,0,11
2014-10-08,0.0353,0,0,14
2014-10-26,0.0387,0,0,14
2014-10-17,0.0415,0,0,14
2014-09-23,0.0423,0,0,14
2011-10-30,0.0425,0,0,11
2012-11-02,0.0429,0,0,12
2011-10-15,0.0447,0,0,11
2014-10-05,0.0476,0,0,14
2012-09-15,0.0513,0,0,12
2012-10-18,0.0516,0,0,12
2011-09-24,0.0533,0,0,11
2012-11-11,0.055,0,0,12
2013-09-22,0.0074,0.001,0,13
2012-09-09,0.0242,0.001,0,12
2011-11-29,0.0411,0.001,0,11
2012-10-15,0.0495,0.001,0,12
2015-10-06,0.0816,0.001,0,15
2015-10-12,0.0896,0.001,0,15
2012-09-12,0.129,0.001,0,12
2014-09-08,0.0199,0.002,0,14
2011-11-17,0.0233,0.002,0,11
2013-10-16,0.0265,0.002,0,13
2013-09-28,0.0318,0.002,0,13
2015-09-21,0.0384,0.002,0,15
2015-10-30,0.0512,0.002,0,15
2011-09-21,0.0571,0.002,0,11
2014-10-02,0.0644,0.002,0,14
2011-10-24,0.129,0.002,0,11
2014-09-11,0.183,0.003,0,14
2014-10-11,0.0365,0.004,0,14
2014-09-26,0.0857,0.004,0,14
2012-10-27,0.0281,0.005,0,12
2014-09-14,0.0287,0.005,0,14
2012-11-17,0.0612,0.005,0,12
2014-09-17,0.0853,0.005,0,14
2012-11-29,0.0894,0.006,0,12
2013-10-01,0.128,0.006,0,13
2015-11-29,0.004,0.016,0,15
2015-09-30,0.0391,0,0.001,15
2014-10-14,0.0086,0,0.002,14
2013-11-06,0.0298,0.003,0.002,13
2011-11-11,0.0351,0.001,0.003,11
2019-10-18,0.028,0,0.004,19
2011-09-27,0.027,0,0.004,11
2014-11-19,0.0274,0,0.004,14
2015-11-20,0.033,0.003,0.004,15
2018-09-26,0.03,0,0.005,18
2015-11-11,0.028,0,0.005,15
2018-10-05,0.037,0.002,0.005,18
2014-11-25,0.0913,0.002,0.005,14
2014-11-22,0.072,0.007,0.005,14
2016-10-03,0.011,0,0.006,16
2013-11-27,0.0099,0,0.006,13
2013-09-07,0.0462,0,0.006,13
2018-10-29,0.033,0.004,0.006,18
2017-11-12,0.056,0.011,0.006,17
2018-09-23,0.033,0,0.008,18
2017-10-16,0.027,0,0.008,17
2012-11-14,0.0524,0,0.008,12
2015-09-12,0.061,0,0.008,15
2011-11-05,0.0782,0.0084,0.008,11
2018-10-17,0.052,0,0.009,18
2014-11-13,0.0417,0.002,0.009,14
2012-09-06,0.057,0.003,0.009,12
2013-10-10,0.026,0.003,0.01,13
2019-11-23,0.024,0.004,0.01,19
2017-10-04,0.079,0,0.011,17
2015-11-26,0.058,0,0.011,15
2015-11-17,0.077,0.001,0.011,15
2019-09-24,0.027,0.002,0.011,19
2015-10-18,0.0437,0.002,0.011,15
2013-10-31,0.0473,0.002,0.011,13
2013-09-19,0.0874,0.002,0.011,13
2013-10-22,0.0784,0.005,0.011,13
2011-11-02,0.18,0.0096,0.011,11
2020-10-15,0.046,0,0.01172,20
2020-10-24,0.015,0.002,0.01173,20
2020-10-21,0.066,0.013,0.01176,20
2020-10-30,0.016,0.002,0.01183,20
2020-10-18,0.041,0.004,0.01186,20
2020-10-27,0.056,0.004,0.0119,20
2020-09-06,0.026,0.002,0.01193,20
2020-10-12,0.007,0,0.01196,20
2019-09-12,0.073,0.001,0.012,19
2020-09-15,0.048,0.007,0.01202,20
2020-09-21,0.029,0.004,0.01213,20
2020-10-09,0.096,0.003,0.01216,20
2020-09-30,0.024,0.01,0.01223,20
2020-09-18,0.031,0,0.0124,20
2020-09-27,0.025,0.004,0.01255,20
2020-09-12,0.02,0,0.01259,20
2020-10-03,0.057,0.005,0.01263,20
2020-10-06,0.092,0,0.01284,20
2015-10-03,0.0039,0,0.013,15
2013-09-10,0.0525,0,0.013,13
2012-09-30,0.0551,0,0.013,12
2015-11-02,0.185,0.001,0.013,15
2014-09-20,0.0242,0.004,0.014,14
2020-09-09,0.027,0.001,0.01404,20
2020-11-17,0.052,0.005,0.01409,20
2020-11-02,0.044,0,0.0141,20
2020-11-08,0.175,0.005,0.0141,20
2020-11-23,0.025,0,0.01411,20
2020-11-14,0.065,0.011,0.01412,20
2020-11-05,0.11,0.014,0.01417,20
2020-09-24,0.237,0.005,0.01423,20
2020-11-26,0.043,0,0.01441,20
2020-11-29,0.049,0.004,0.01446,20
2020-11-11,0.046,0.002,0.01458,20
2016-10-09,0.007,0,0.015,16
2018-11-28,0.023,0,0.015,18
2011-09-18,0.032,0,0.015,11
2012-09-21,0.0559,0,0.015,12
2014-10-20,0.128,0,0.015,14
2019-10-27,0.028,0.001,0.015,19
2019-10-30,0.037,0.002,0.015,19
2015-09-24,0.083,0.003,0.015,15
2020-11-20,0.115,0.006,0.0154,20
2017-11-30,0.054,0,0.016,17
2019-10-24,0.127,0,0.016,19
2016-10-21,0.033,0.003,0.016,16
2011-11-23,0.0489,0.0032,0.016,11
2018-10-23,0.059,0.006,0.016,18
2015-10-21,0.214,0.01,0.016,15
2017-10-22,0.091,0.011,0.016,17
2020-09-03,0.062,0,0.0162,20
2015-09-27,0.0194,0,0.017,15
2017-09-01,0.037,0.002,0.017,17
2011-09-15,0.0796,0.002,0.017,11
2017-11-09,0.059,0.003,0.017,17
2012-11-20,0.0875,0.004,0.018,12
2013-09-25,0.0924,0.004,0.018,13
2014-11-10,0.151,0.006,0.018,14
2016-11-17,0.14,0,0.019,16
2017-09-28,0.047,0.002,0.019,17
2018-09-02,0.012,0.003,0.019,18
2013-09-16,0.0422,0.006,0.02,13
2017-11-27,0.084,0.014,0.02,17
2016-09-09,0.075,0.003,0.021,16
2011-11-08,0.424,0.0205,0.021,11
2017-09-04,0.059,0,0.022,17
2016-09-30,0.09,0.003,0.022,16
2019-11-14,0.113,0.003,0.022,19
2013-10-28,0.107,0.004,0.022,13
2019-09-06,0.05,0,0.023,19
2016-09-24,0.093,0.005,0.023,16
2017-09-10,0.027,0,0.024,17
2016-09-27,0.069,0,0.024,16
2012-10-06,0.0447,0.004,0.024,12
2011-11-20,0.0887,0.0083,0.024,11
2016-11-14,0.207,0.023,0.024,16
2018-11-25,0.046,0,0.025,18
2012-10-03,0.0901,0,0.025,12
2013-10-04,0.149,0.003,0.025,13
2015-11-08,0.07,0.003,0.026,15
2018-11-07,0.09,0.008,0.026,18
2017-09-13,0.115,0,0.027,17
2019-09-03,0.028,0,0.027,19
2012-09-03,0.0334,0,0.027,12
2018-09-11,0.023,0.004,0.027,18
2011-10-06,0.115,0.0048,0.027,11
2014-09-29,0.266,0.009,0.027,14
2011-09-12,0.133,0,0.028,11
2015-09-03,0.127,0.001,0.028,15
2017-11-15,0.036,0.003,0.028,17
2017-10-31,0.049,0,0.029,17
2015-10-09,0.0978,0,0.029,15
2017-11-18,0.115,0.007,0.03,17
2013-11-15,0.287,0.007,0.03,13
2015-09-09,0.0367,0,0.031,15
2015-11-23,0.064,0.001,0.031,15
2015-09-15,0.136,0.001,0.033,15
2016-11-26,0.058,0.002,0.033,16
2014-11-04,0.188,0.002,0.033,14
2016-11-29,0.153,0,0.034,16
2018-09-20,0.047,0,0.034,18
2015-09-18,0.118,0.004,0.034,15
2014-11-16,0.0303,0.003,0.035,14
2017-10-07,0.049,0.003,0.035,17
2016-10-15,0.084,0.009,0.035,16
2011-10-27,0.174,0.0082,0.036,11
2016-11-20,0.032,0.003,0.037,16
2013-11-21,0.0918,0.003,0.038,13
2011-10-09,0.223,0.0072,0.038,11
2016-11-05,0.097,0.011,0.038,16
2017-10-19,0.165,0.004,0.039,17
2018-10-02,0.056,0.004,0.04,18
2016-09-15,0.046,0,0.041,16
2014-10-29,0.12,0.001,0.041,14
2011-10-18,0.12,0,0.042,11
2016-10-30,0.082,0.005,0.042,16
2016-09-21,0.071,0.007,0.042,16
2015-11-05,0.141,0,0.043,15
2016-11-11,0.068,0.006,0.043,16
2019-10-12,0.065,0.002,0.046,19
2017-09-22,0.1,0.001,0.047,17
2018-11-01,0.121,0,0.048,18
2016-10-18,0.183,0.001,0.052,16
2011-09-30,0.118,0,0.053,11
2016-09-12,0.047,0,0.055,16
2014-09-05,0.0897,0,0.055,14
2016-09-18,0.04,0,0.058,16
2012-09-27,0.0528,0.001,0.06,12
2019-10-15,0.112,0,0.064,19
2015-10-15,0.121,0,0.067,15
2012-10-24,0.157,0,0.069,12
2019-11-29,0.05,0.002,0.077,19
2016-11-08,0.235,0,0.079,16
2015-11-14,0.092,0,0.088,15
2019-09-27,0.077,0.003,0.1,19
2019-09-21,0.134,0.008,0.107,19
2018-09-05,0.434,0.003,0.131,18
2017-09-25,0.552,0.002,0.158,17
2013-11-03,0.0431,0,0.183,13
2014-09-02,0.209,0,0.229,14
2019-11-11,0.122,0.01,0.486,19
2017-09-19,0.358,0,0.643,17
2019-11-02,NA,NA,NA,19
2019-11-05,NA,NA,NA,19
2018-11-13,NA,NA,NA,18
2018-11-16,NA,NA,NA,18
2017-11-06,NA,NA,NA,17
2016-10-12,NA,NA,NA,16
2016-11-23,NA,NA,NA,16
2015-10-24,NA,NA,NA,15
2015-10-27,NA,NA,NA,15
2014-11-28,NA,NA,NA,14
2013-09-01,NA,NA,NA,13
2013-09-04,NA,NA,NA,13
2013-10-19,NA,NA,NA,13
2013-11-09,NA,NA,NA,13
2013-11-30,NA,NA,NA,13
2012-10-30,NA,NA,NA,12
2012-11-23,NA,NA,NA,12
2011-11-26,NA,NA,NA,11
